,fluency,adequacy
q,-0.37128476147281564,-0.21910152490411572
p,-0.34966619283437805,-0.04531687955395876
r,-0.3189998911495131,-0.16788001101573227
x,-0.315710951324068,-0.09204609662387904
y,-0.4335135230212806,-0.25455927647798254
z,-0.24193546343076952,-0.29120948223784704
